GAME_ID,TEAM_ID,TEAM_ABBREVIATION,TEAM_CITY,PLAYER_ID,PLAYER_NAME,NICKNAME,START_POSITION,COMMENT,MIN,FGM,FGA,FG_PCT,FG3M,FG3A,FG3_PCT,FTM,FTA,FT_PCT,OREB,DREB,REB,AST,STL,BLK,TO,PF,PTS,PLUS_MINUS
0022301062,1610612744,GSW,Golden State,203952,Andrew Wiggins,Andrew,F,,34.000000:32,7.0,17.0,0.412,2.0,6.0,0.333,4.0,5.0,0.8,1.0,7.0,8.0,8.0,2.0,1.0,2.0,1.0,20.0,9.0
0022301062,1610612744,GSW,Golden State,203110,Draymond Green,Draymond,F,,28.000000:02,4.0,7.0,0.571,0.0,2.0,0.0,0.0,0.0,0.0,2.0,6.0,8.0,4.0,1.0,0.0,3.0,4.0,8.0,6.0
0022301062,1610612744,GSW,Golden State,1631218,Trayce Jackson-Davis,Trayce,C,,30.000000:48,9.0,13.0,0.692,0.0,0.0,0.0,0.0,0.0,0.0,4.0,4.0,8.0,1.0,2.0,3.0,0.0,2.0,18.0,11.0
0022301062,1610612744,GSW,Golden State,101108,Chris Paul,Chris,G,,32.000000:53,5.0,6.0,0.833,1.0,2.0,0.5,0.0,0.0,0.0,0.0,7.0,7.0,9.0,0.0,0.0,4.0,2.0,11.0,11.0
0022301062,1610612744,GSW,Golden State,201939,Stephen Curry,Stephen,G,,32.000000:08,9.0,18.0,0.5,4.0,11.0,0.364,1.0,1.0,1.0,0.0,1.0,1.0,4.0,1.0,0.0,0.0,1.0,23.0,13.0
0022301062,1610612744,GSW,Golden State,1641764,Brandin Podziemski,Brandin,,,25.000000:43,2.0,5.0,0.4,0.0,2.0,0.0,0.0,0.0,0.0,1.0,4.0,5.0,3.0,0.0,0.0,0.0,3.0,4.0,11.0
0022301062,1610612744,GSW,Golden State,1627780,Gary Payton II,Gary,,,13.000000:00,3.0,5.0,0.6,0.0,1.0,0.0,0.0,0.0,0.0,0.0,1.0,1.0,1.0,0.0,1.0,0.0,3.0,6.0,8.0
0022301062,1610612744,GSW,Golden State,1626172,Kevon Looney,Kevon,,,10.000000:29,3.0,4.0,0.75,0.0,0.0,0.0,2.0,2.0,1.0,1.0,6.0,7.0,1.0,0.0,0.0,1.0,1.0,8.0,8.0
0022301062,1610612744,GSW,Golden State,1630541,Moses Moody,Moses,,,24.000000:52,5.0,8.0,0.625,4.0,5.0,0.8,1.0,1.0,1.0,2.0,2.0,4.0,3.0,1.0,0.0,1.0,2.0,15.0,12.0
0022301062,1610612744,GSW,Golden State,1631311,Lester Quinones,Lester,,,5.000000:16,0.0,2.0,0.0,0.0,2.0,0.0,0.0,0.0,0.0,0.0,1.0,1.0,1.0,0.0,0.0,0.0,0.0,0.0,1.0
0022301062,1610612744,GSW,Golden State,1629010,Jerome Robinson,Jerome,,,2.000000:17,1.0,4.0,0.25,0.0,1.0,0.0,0.0,0.0,0.0,0.0,0.0,0.0,0.0,0.0,0.0,1.0,0.0,2.0,0.0
0022301062,1610612744,GSW,Golden State,202691,Klay Thompson,Klay,,DND - Injury/Illness,,,,,,,,,,,,,,,,,,,,
0022301062,1610612766,CHA,Charlotte,1641706,Brandon Miller,Brandon,F,,32.000000:56,5.0,15.0,0.333,2.0,8.0,0.25,0.0,0.0,0.0,3.0,0.0,3.0,3.0,0.0,1.0,1.0,2.0,12.0,-18.0
0022301062,1610612766,CHA,Charlotte,1628970,Miles Bridges,Miles,F,,37.000000:37,8.0,17.0,0.471,1.0,7.0,0.143,5.0,7.0,0.714,2.0,7.0,9.0,3.0,0.0,0.0,2.0,2.0,22.0,-20.0
0022301062,1610612766,CHA,Charlotte,1630208,Nick Richards,Nick,C,,31.000000:25,6.0,7.0,0.857,0.0,0.0,0.0,0.0,1.0,0.0,2.0,6.0,8.0,0.0,0.0,0.0,0.0,0.0,12.0,-11.0
0022301062,1610612766,CHA,Charlotte,1630544,Tre Mann,Tre,G,,32.000000:38,3.0,9.0,0.333,1.0,6.0,0.167,0.0,0.0,0.0,1.0,2.0,3.0,4.0,0.0,1.0,4.0,0.0,7.0,-15.0
0022301062,1610612766,CHA,Charlotte,203995,Vasilije Micic,Vasilije,G,,32.000000:45,3.0,7.0,0.429,1.0,4.0,0.25,3.0,4.0,0.75,0.0,2.0,2.0,8.0,2.0,0.0,2.0,2.0,10.0,-16.0
0022301062,1610612766,CHA,Charlotte,1630197,Aleksej Pokusevski,Aleksej,,,18.000000:36,2.0,8.0,0.25,1.0,6.0,0.167,1.0,2.0,0.5,2.0,1.0,3.0,0.0,1.0,0.0,1.0,0.0,6.0,-5.0
0022301062,1610612766,CHA,Charlotte,1629684,Grant Williams,Grant,,,25.000000:36,3.0,10.0,0.3,2.0,7.0,0.286,4.0,6.0,0.667,2.0,6.0,8.0,4.0,0.0,0.0,1.0,3.0,12.0,-4.0
0022301062,1610612766,CHA,Charlotte,202722,Davis Bertans,Davis,,,19.000000:19,4.0,8.0,0.5,4.0,7.0,0.571,2.0,2.0,1.0,0.0,3.0,3.0,1.0,1.0,0.0,0.0,1.0,14.0,-1.0
0022301062,1610612766,CHA,Charlotte,1631121,Bryce McGowens,Bryce,,,2.000000:17,0.0,1.0,0.0,0.0,1.0,0.0,2.0,2.0,1.0,0.0,1.0,1.0,0.0,0.0,0.0,0.0,0.0,2.0,0.0
0022301062,1610612766,CHA,Charlotte,1630550,JT Thor,JT,,,2.000000:17,0.0,0.0,0.0,0.0,0.0,0.0,0.0,0.0,0.0,0.0,1.0,1.0,0.0,0.0,0.0,0.0,0.0,0.0,0.0
0022301062,1610612766,CHA,Charlotte,1641733,Nick Smith Jr.,Nick,,,2.000000:17,0.0,1.0,0.0,0.0,0.0,0.0,0.0,0.0,0.0,0.0,0.0,0.0,0.0,0.0,0.0,0.0,0.0,0.0,0.0
0022301062,1610612766,CHA,Charlotte,1641735,Amari Bailey,Amari,,,2.000000:17,0.0,1.0,0.0,0.0,0.0,0.0,0.0,0.0,0.0,0.0,0.0,0.0,0.0,0.0,0.0,0.0,0.0,0.0,0.0
0022301063,1610612747,LAL,Los Angeles,1629060,Rui Hachimura,Rui,F,,31.000000:17,5.0,10.0,0.5,2.0,4.0,0.5,2.0,2.0,1.0,0.0,0.0,0.0,0.0,0.0,0.0,0.0,2.0,14.0,-15.0
0022301063,1610612747,LAL,Los Angeles,2544,LeBron James,LeBron,F,,34.000000:41,6.0,12.0,0.5,0.0,3.0,0.0,4.0,4.0,1.0,1.0,9.0,10.0,8.0,0.0,0.0,5.0,1.0,16.0,-13.0
0022301063,1610612747,LAL,Los Angeles,203076,Anthony Davis,Anthony,C,,37.000000:30,9.0,17.0,0.529,0.0,1.0,0.0,6.0,7.0,0.857,4.0,11.0,15.0,3.0,0.0,0.0,3.0,0.0,24.0,-12.0
0022301063,1610612747,LAL,Los Angeles,1630559,Austin Reaves,Austin,G,,36.000000:11,7.0,16.0,0.438,1.0,7.0,0.143,1.0,1.0,1.0,1.0,12.0,13.0,6.0,1.0,0.0,5.0,2.0,16.0,-15.0
0022301063,1610612747,LAL,Los Angeles,1626156,D'Angelo Russell,D'Angelo,G,,35.000000:03,3.0,14.0,0.214,0.0,6.0,0.0,0.0,0.0,0.0,0.0,3.0,3.0,5.0,1.0,1.0,0.0,3.0,6.0,-17.0
0022301063,1610612747,LAL,Los Angeles,1629629,Cam Reddish,Cam,,,13.000000:19,0.0,2.0,0.0,0.0,0.0,0.0,0.0,0.0,0.0,3.0,1.0,4.0,0.0,0.0,2.0,0.0,1.0,0.0,-6.0
0022301063,1610612747,LAL,Los Angeles,1627752,Taurean Prince,Taurean,,,14.000000:35,2.0,5.0,0.4,1.0,3.0,0.333,0.0,0.0,0.0,0.0,0.0,0.0,0.0,0.0,0.0,1.0,0.0,5.0,-4.0
0022301063,1610612747,LAL,Los Angeles,203915,Spencer Dinwiddie,Spencer,,,20.000000:30,1.0,6.0,0.167,1.0,5.0,0.2,2.0,4.0,0.5,0.0,1.0,1.0,0.0,1.0,0.0,2.0,4.0,5.0,-6.0
0022301063,1610612747,LAL,Los Angeles,1629637,Jaxson Hayes,Jaxson,,,10.000000:30,1.0,1.0,1.0,0.0,0.0,0.0,0.0,0.0,0.0,1.0,1.0,2.0,2.0,0.0,0.0,0.0,1.0,2.0,-7.0
0022301063,1610612747,LAL,Los Angeles,1630658,Colin Castleton,Colin,,,2.000000:08,0.0,0.0,0.0,0.0,0.0,0.0,0.0,0.0,0.0,0.0,0.0,0.0,0.0,0.0,0.0,0.0,0.0,0.0,0.0
0022301063,1610612747,LAL,Los Angeles,1641721,Maxwell Lewis,Maxwell,,,2.000000:08,0.0,1.0,0.0,0.0,1.0,0.0,0.0,0.0,0.0,0.0,0.0,0.0,0.0,0.0,0.0,0.0,0.0,0.0,0.0
0022301063,1610612747,LAL,Los Angeles,1631108,Max Christie,Max,,,2.000000:08,1.0,2.0,0.5,0.0,0.0,0.0,0.0,0.0,0.0,0.0,0.0,0.0,0.0,0.0,0.0,0.0,0.0,2.0,0.0
0022301063,1610612754,IND,Indiana,1630174,Aaron Nesmith,Aaron,F,,39.000000:20,5.0,11.0,0.455,2.0,7.0,0.286,0.0,0.0,0.0,1.0,3.0,4.0,2.0,1.0,1.0,1.0,1.0,12.0,15.0
0022301063,1610612754,IND,Indiana,1627783,Pascal Siakam,Pascal,F,,31.000000:10,8.0,16.0,0.5,0.0,0.0,0.0,6.0,7.0,0.857,1.0,10.0,11.0,6.0,1.0,1.0,1.0,0.0,22.0,23.0
0022301063,1610612754,IND,Indiana,1626167,Myles Turner,Myles,C,,28.000000:23,4.0,12.0,0.333,0.0,5.0,0.0,2.0,2.0,1.0,1.0,4.0,5.0,3.0,1.0,2.0,1.0,4.0,10.0,14.0
0022301063,1610612754,IND,Indiana,1629614,Andrew Nembhard,Andrew,G,,29.000000:38,4.0,9.0,0.444,2.0,5.0,0.4,0.0,0.0,0.0,0.0,2.0,2.0,2.0,1.0,0.0,0.0,1.0,10.0,17.0
0022301063,1610612754,IND,Indiana,1630169,Tyrese Haliburton,Tyrese,G,,33.000000:00,7.0,15.0,0.467,3.0,8.0,0.375,4.0,4.0,1.0,0.0,8.0,8.0,8.0,2.0,0.0,2.0,2.0,21.0,27.0
0022301063,1610612754,IND,Indiana,1630167,Obi Toppin,Obi,,,16.000000:50,3.0,3.0,1.0,1.0,1.0,1.0,0.0,0.0,0.0,0.0,2.0,2.0,0.0,0.0,1.0,1.0,1.0,7.0,-4.0
0022301063,1610612754,IND,Indiana,204456,T.J. McConnell,T.J.,,,18.000000:51,7.0,11.0,0.636,1.0,1.0,1.0,1.0,1.0,1.0,0.0,3.0,3.0,3.0,0.0,0.0,2.0,0.0,16.0,0.0
0022301063,1610612754,IND,Indiana,1630188,Jalen Smith,Jalen,,,17.000000:29,2.0,5.0,0.4,0.0,1.0,0.0,0.0,0.0,0.0,2.0,5.0,7.0,0.0,2.0,1.0,0.0,3.0,4.0,5.0
0022301063,1610612754,IND,Indiana,1641767,Ben Sheppard,Ben,,,19.000000:39,3.0,7.0,0.429,1.0,3.0,0.333,0.0,0.0,0.0,0.0,2.0,2.0,3.0,0.0,0.0,0.0,2.0,7.0,-2.0
0022301063,1610612754,IND,Indiana,203926,Doug McDermott,Doug,,,1.000000:24,0.0,0.0,0.0,0.0,0.0,0.0,0.0,0.0,0.0,0.0,0.0,0.0,0.0,0.0,0.0,0.0,0.0,0.0,0.0
0022301063,1610612754,IND,Indiana,1641716,Jarace Walker,Jarace,,,2.000000:08,0.0,0.0,0.0,0.0,0.0,0.0,0.0,0.0,0.0,0.0,0.0,0.0,0.0,0.0,0.0,0.0,0.0,0.0,0.0
0022301063,1610612754,IND,Indiana,1630543,Isaiah Jackson,Isaiah,,,2.000000:08,0.0,0.0,0.0,0.0,0.0,0.0,0.0,0.0,0.0,1.0,1.0,2.0,0.0,0.0,0.0,0.0,0.0,0.0,0.0
0022301063,1610612754,IND,Indiana,201949,James Johnson,James,,DNP - Coach's Decision,,,,,,,,,,,,,,,,,,,,
0022301064,1610612746,LAC,LA,202331,Paul George,Paul,F,,34.000000:35,4.0,14.0,0.286,1.0,5.0,0.2,3.0,3.0,1.0,0.0,4.0,4.0,1.0,1.0,0.0,2.0,4.0,12.0,4.0
0022301064,1610612746,LAC,LA,202695,Kawhi Leonard,Kawhi,F,,37.000000:46,12.0,21.0,0.571,3.0,6.0,0.5,2.0,2.0,1.0,1.0,10.0,11.0,5.0,4.0,2.0,3.0,4.0,29.0,5.0
0022301064,1610612746,LAC,LA,1627826,Ivica Zubac,Ivica,C,,34.000000:50,7.0,10.0,0.7,0.0,0.0,0.0,0.0,0.0,0.0,4.0,5.0,9.0,2.0,0.0,1.0,1.0,2.0,14.0,-3.0
0022301064,1610612746,LAC,LA,1629611,Terance Mann,Terance,G,,20.000000:08,2.0,4.0,0.5,1.0,1.0,1.0,0.0,0.0,0.0,0.0,0.0,0.0,1.0,0.0,0.0,1.0,2.0,5.0,-1.0
0022301064,1610612746,LAC,LA,201935,James Harden,James,G,,36.000000:34,3.0,12.0,0.25,1.0,7.0,0.143,4.0,5.0,0.8,2.0,6.0,8.0,4.0,4.0,0.0,4.0,1.0,11.0,-3.0
0022301064,1610612746,LAC,LA,201566,Russell Westbrook,Russell,,,17.000000:59,2.0,6.0,0.333,0.0,1.0,0.0,1.0,2.0,0.5,2.0,1.0,3.0,5.0,1.0,0.0,2.0,1.0,5.0,3.0
0022301064,1610612746,LAC,LA,1626181,Norman Powell,Norman,,,26.000000:22,5.0,8.0,0.625,0.0,1.0,0.0,0.0,0.0,0.0,0.0,0.0,0.0,1.0,0.0,1.0,1.0,2.0,10.0,4.0
0022301064,1610612746,LAC,LA,1629599,Amir Coffey,Amir,,,19.000000:10,2.0,4.0,0.5,2.0,3.0,0.667,0.0,0.0,0.0,1.0,1.0,2.0,0.0,1.0,0.0,1.0,0.0,6.0,2.0
0022301064,1610612746,LAC,LA,203486,Mason Plumlee,Mason,,,12.000000:36,4.0,6.0,0.667,0.0,0.0,0.0,0.0,0.0,0.0,2.0,2.0,4.0,0.0,0.0,0.0,1.0,1.0,8.0,4.0
0022301064,1610612746,LAC,LA,1630527,Brandon Boston Jr.,Brandon,,DNP - Coach's Decision,,,,,,,,,,,,,,,,,,,,
0022301064,1610612746,LAC,LA,1630538,Bones Hyland,Bones,,DNP - Coach's Decision,,,,,,,,,,,,,,,,,,,,
0022301064,1610612746,LAC,LA,1629875,Xavier Moon,Xavier,,DNP - Coach's Decision,,,,,,,,,,,,,,,,,,,,
0022301064,1610612746,LAC,LA,1628464,Daniel Theis,Daniel,,DNP - Coach's Decision,,,,,,,,,,,,,,,,,,,,
0022301064,1610612746,LAC,LA,200782,P.J. Tucker,P.J.,,DNP - Coach's Decision,,,,,,,,,,,,,,,,,,,,
0022301064,1610612753,ORL,Orlando,1630532,Franz Wagner,Franz,F,,35.000000:31,5.0,13.0,0.385,0.0,3.0,0.0,3.0,4.0,0.75,1.0,2.0,3.0,3.0,2.0,1.0,1.0,2.0,13.0,2.0
0022301064,1610612753,ORL,Orlando,1631094,Paolo Banchero,Paolo,F,,38.000000:29,8.0,18.0,0.444,1.0,6.0,0.167,6.0,7.0,0.857,0.0,8.0,8.0,2.0,2.0,0.0,7.0,3.0,23.0,-3.0
0022301064,1610612753,ORL,Orlando,1628976,Wendell Carter Jr.,Wendell,C,,23.000000:35,1.0,3.0,0.333,0.0,1.0,0.0,0.0,0.0,0.0,2.0,3.0,5.0,2.0,0.0,1.0,1.0,0.0,2.0,-3.0
0022301064,1610612753,ORL,Orlando,203914,Gary Harris,Gary,G,,23.000000:33,3.0,6.0,0.5,1.0,3.0,0.333,1.0,1.0,1.0,1.0,1.0,2.0,0.0,1.0,0.0,1.0,2.0,8.0,-10.0
0022301064,1610612753,ORL,Orlando,1630591,Jalen Suggs,Jalen,G,,32.000000:54,6.0,14.0,0.429,2.0,4.0,0.5,1.0,1.0,1.0,1.0,0.0,1.0,5.0,3.0,2.0,2.0,0.0,15.0,0.0
0022301064,1610612753,ORL,Orlando,1628371,Jonathan Isaac,Jonathan,,,16.000000:19,1.0,3.0,0.333,1.0,2.0,0.5,0.0,0.0,0.0,1.0,4.0,5.0,1.0,1.0,2.0,0.0,1.0,3.0,-8.0
0022301064,1610612753,ORL,Orlando,1630175,Cole Anthony,Cole,,,18.000000:35,3.0,10.0,0.3,2.0,5.0,0.4,0.0,0.0,0.0,0.0,3.0,3.0,0.0,0.0,2.0,1.0,1.0,8.0,0.0
0022301064,1610612753,ORL,Orlando,1631216,Caleb Houstan,Caleb,,,14.000000:08,3.0,4.0,0.75,2.0,3.0,0.667,0.0,0.0,0.0,1.0,0.0,1.0,1.0,0.0,0.0,0.0,1.0,8.0,-2.0
0022301064,1610612753,ORL,Orlando,1629021,Moritz Wagner,Moritz,,,18.000000:16,6.0,10.0,0.6,0.0,0.0,0.0,0.0,2.0,0.0,6.0,3.0,9.0,2.0,1.0,0.0,1.0,0.0,12.0,3.0
0022301064,1610612753,ORL,Orlando,204060,Joe Ingles,Joe,,,18.000000:41,2.0,5.0,0.4,1.0,2.0,0.5,0.0,0.0,0.0,0.0,1.0,1.0,4.0,0.0,0.0,0.0,1.0,5.0,6.0
0022301064,1610612753,ORL,Orlando,1629048,Goga Bitadze,Goga,,DNP - Coach's Decision,,,,,,,,,,,,,,,,,,,,
0022301064,1610612753,ORL,Orlando,1641710,Anthony Black,Anthony,,DNP - Coach's Decision,,,,,,,,,,,,,,,,,,,,
0022301064,1610612753,ORL,Orlando,1629643,Chuma Okeke,Chuma,,DNP - Coach's Decision,,,,,,,,,,,,,,,,,,,,
0022301065,1610612765,DET,Detroit,1628972,Troy Brown Jr.,Troy,F,,18.000000:53,1.0,4.0,0.25,1.0,2.0,0.5,1.0,2.0,0.5,0.0,2.0,2.0,0.0,1.0,0.0,1.0,1.0,4.0,2.0
0022301065,1610612765,DET,Detroit,1641787,Tosan Evbuomwan,Tosan,F,,33.000000:03,2.0,3.0,0.667,0.0,1.0,0.0,4.0,4.0,1.0,1.0,3.0,4.0,2.0,1.0,0.0,1.0,2.0,8.0,12.0
0022301065,1610612765,DET,Detroit,1631105,Jalen Duren,Jalen,C,,34.000000:41,9.0,11.0,0.818,0.0,0.0,0.0,2.0,2.0,1.0,5.0,12.0,17.0,1.0,3.0,3.0,3.0,4.0,20.0,18.0
0022301065,1610612765,DET,Detroit,1630595,Cade Cunningham,Cade,G,,36.000000:56,13.0,33.0,0.394,2.0,5.0,0.4,5.0,5.0,1.0,1.0,7.0,8.0,7.0,2.0,0.0,3.0,3.0,33.0,16.0
0022301065,1610612765,DET,Detroit,1631093,Jaden Ivey,Jaden,G,,37.000000:27,5.0,17.0,0.294,1.0,6.0,0.167,2.0,2.0,1.0,1.0,6.0,7.0,5.0,0.0,1.0,1.0,3.0,13.0,11.0
0022301065,1610612765,DET,Detroit,1629002,Chimezie Metu,Chimezie,,,26.000000:05,2.0,9.0,0.222,0.0,4.0,0.0,1.0,1.0,1.0,0.0,3.0,3.0,1.0,1.0,1.0,1.0,0.0,5.0,4.0
0022301065,1610612765,DET,Detroit,1630164,James Wiseman,James,,,13.000000:19,0.0,3.0,0.0,0.0,0.0,0.0,0.0,0.0,0.0,0.0,2.0,2.0,0.0,0.0,0.0,2.0,4.0,0.0,-9.0
0022301065,1610612765,DET,Detroit,1630201,Malachi Flynn,Malachi,,,14.000000:02,1.0,3.0,0.333,0.0,2.0,0.0,1.0,2.0,0.5,0.0,2.0,2.0,3.0,1.0,0.0,1.0,0.0,3.0,-8.0
0022301065,1610612765,DET,Detroit,203095,Evan Fournier,Evan,,,25.000000:34,4.0,6.0,0.667,2.0,4.0,0.5,0.0,2.0,0.0,0.0,2.0,2.0,0.0,0.0,0.0,0.0,1.0,10.0,-1.0
0022301065,1610612765,DET,Detroit,1631205,Buddy Boeheim,Buddy,,DNP - Coach's Decision,,,,,,,,,,,,,,,,,,,,
0022301065,1610612765,DET,Detroit,1631197,Jared Rhoden,Jared,,DNP - Coach's Decision,,,,,,,,,,,,,,,,,,,,
0022301065,1610612765,DET,Detroit,1631204,Marcus Sasser,Marcus,,DNP - Injury/Illness,,,,,,,,,,,,,,,,,,,,
0022301065,1610612765,DET,Detroit,1630649,Stanley Umude,Stanley,,DNP - Injury/Illness,,,,,,,,,,,,,,,,,,,,
0022301065,1610612764,WAS,Washington,1630166,Deni Avdija,Deni,F,,38.000000:46,6.0,14.0,0.429,2.0,6.0,0.333,4.0,4.0,1.0,2.0,9.0,11.0,9.0,0.0,0.0,5.0,2.0,18.0,0.0
0022301065,1610612764,WAS,Washington,1628398,Kyle Kuzma,Kyle,F,,36.000000:37,5.0,22.0,0.227,0.0,6.0,0.0,2.0,4.0,0.5,0.0,8.0,8.0,3.0,0.0,1.0,5.0,1.0,12.0,-22.0
0022301065,1610612764,WAS,Washington,1628963,Marvin Bagley III,Marvin,C,,27.000000:09,7.0,9.0,0.778,1.0,1.0,1.0,0.0,0.0,0.0,3.0,8.0,11.0,1.0,0.0,2.0,0.0,1.0,15.0,-9.0
0022301065,1610612764,WAS,Washington,1630557,Corey Kispert,Corey,G,,37.000000:58,9.0,12.0,0.75,5.0,7.0,0.714,0.0,0.0,0.0,1.0,5.0,6.0,0.0,0.0,0.0,1.0,4.0,23.0,-12.0
0022301065,1610612764,WAS,Washington,1629673,Jordan Poole,Jordan,G,,37.000000:14,3.0,15.0,0.2,1.0,8.0,0.125,0.0,0.0,0.0,0.0,3.0,3.0,6.0,0.0,1.0,5.0,3.0,7.0,-12.0
0022301065,1610612764,WAS,Washington,1631098,Johnny Davis,Johnny,,,9.000000:59,0.0,1.0,0.0,0.0,1.0,0.0,0.0,0.0,0.0,0.0,0.0,0.0,1.0,1.0,0.0,0.0,0.0,0.0,2.0
0022301065,1610612764,WAS,Washington,1630264,Anthony Gill,Anthony,,,17.000000:51,3.0,8.0,0.375,0.0,1.0,0.0,0.0,0.0,0.0,2.0,1.0,3.0,0.0,0.0,0.0,0.0,4.0,6.0,7.0
0022301065,1610612764,WAS,Washington,1630215,Jared Butler,Jared,,,20.000000:17,3.0,4.0,0.75,0.0,0.0,0.0,0.0,0.0,0.0,0.0,1.0,1.0,2.0,1.0,0.0,2.0,1.0,6.0,11.0
0022301065,1610612764,WAS,Washington,1641774,Tristan Vukcevic,Tristan,,,2.000000:24,0.0,0.0,0.0,0.0,0.0,0.0,0.0,0.0,0.0,0.0,2.0,2.0,0.0,0.0,0.0,0.0,0.0,0.0,2.0
0022301065,1610612764,WAS,Washington,1631116,Patrick Baldwin Jr.,Patrick,,,7.000000:09,0.0,1.0,0.0,0.0,1.0,0.0,0.0,0.0,0.0,1.0,0.0,1.0,0.0,0.0,0.0,0.0,2.0,0.0,-8.0
0022301065,1610612764,WAS,Washington,1631262,Jules Bernard,Jules,,,4.000000:36,0.0,2.0,0.0,0.0,2.0,0.0,0.0,0.0,0.0,0.0,1.0,1.0,0.0,0.0,0.0,0.0,0.0,0.0,-4.0
0022301065,1610612764,WAS,Washington,1626145,Tyus Jones,Tyus,,DND - Injury/Illness,,,,,,,,,,,,,,,,,,,,
0022301066,1610612741,CHI,Chicago,201942,DeMar DeRozan,DeMar,F,,36.000000:48,11.0,20.0,0.55,0.0,2.0,0.0,9.0,10.0,0.9,0.0,8.0,8.0,2.0,1.0,1.0,3.0,2.0,31.0,-2.0
0022301066,1610612741,CHI,Chicago,1627936,Alex Caruso,Alex,F,,32.000000:42,2.0,5.0,0.4,2.0,4.0,0.5,0.0,0.0,0.0,0.0,3.0,3.0,5.0,0.0,1.0,4.0,2.0,6.0,-26.0
0022301066,1610612741,CHI,Chicago,202696,Nikola Vucevic,Nikola,C,,29.000000:34,5.0,10.0,0.5,2.0,5.0,0.4,1.0,2.0,0.5,2.0,8.0,10.0,4.0,0.0,1.0,1.0,2.0,13.0,-21.0
0022301066,1610612741,CHI,Chicago,1630245,Ayo Dosunmu,Ayo,G,,31.000000:45,6.0,9.0,0.667,0.0,2.0,0.0,4.0,4.0,1.0,0.0,3.0,3.0,3.0,0.0,0.0,0.0,2.0,16.0,-27.0
0022301066,1610612741,CHI,Chicago,1629632,Coby White,Coby,G,,39.000000:28,6.0,16.0,0.375,3.0,9.0,0.333,3.0,5.0,0.6,0.0,2.0,2.0,9.0,0.0,0.0,2.0,5.0,18.0,-18.0
0022301066,1610612741,CHI,Chicago,1628470,Torrey Craig,Torrey,,,12.000000:20,2.0,3.0,0.667,1.0,2.0,0.5,2.0,2.0,1.0,0.0,1.0,1.0,0.0,0.0,1.0,1.0,0.0,7.0,0.0
0022301066,1610612741,CHI,Chicago,1641931,Onuralp Bitim,Onuralp,,,3.000000:49,0.0,2.0,0.0,0.0,2.0,0.0,0.0,0.0,0.0,0.0,1.0,1.0,1.0,0.0,0.0,0.0,1.0,0.0,-9.0
0022301066,1610612741,CHI,Chicago,203083,Andre Drummond,Andre,,,17.000000:21,1.0,2.0,0.5,0.0,0.0,0.0,4.0,6.0,0.667,1.0,10.0,11.0,0.0,0.0,2.0,1.0,1.0,6.0,7.0
0022301066,1610612741,CHI,Chicago,1631207,Dalen Terry,Dalen,,,19.000000:09,2.0,4.0,0.5,0.0,2.0,0.0,0.0,0.0,0.0,2.0,2.0,4.0,0.0,0.0,0.0,0.0,2.0,4.0,12.0
0022301066,1610612741,CHI,Chicago,1629750,Javonte Green,Javonte,,,15.000000:59,3.0,4.0,0.75,1.0,2.0,0.5,0.0,0.0,0.0,0.0,1.0,1.0,0.0,2.0,0.0,0.0,1.0,7.0,2.0
0022301066,1610612741,CHI,Chicago,1630678,Terry Taylor,Terry,,,1.000000:05,0.0,0.0,0.0,0.0,0.0,0.0,0.0,0.0,0.0,0.0,0.0,0.0,0.0,0.0,0.0,0.0,0.0,0.0,-3.0
0022301066,1610612741,CHI,Chicago,1628975,Jevon Carter,Jevon,,DNP - Coach's Decision,,,,,,,,,,,,,,,,,,,,
0022301066,1610612751,BKN,Brooklyn,1628969,Mikal Bridges,Mikal,F,,37.000000:56,8.0,15.0,0.533,7.0,11.0,0.636,2.0,2.0,1.0,1.0,2.0,3.0,3.0,4.0,0.0,0.0,2.0,25.0,16.0
0022301066,1610612751,BKN,Brooklyn,1627827,Dorian Finney-Smith,Dorian,F,,30.000000:10,4.0,7.0,0.571,2.0,5.0,0.4,2.0,2.0,1.0,1.0,2.0,3.0,3.0,1.0,1.0,1.0,2.0,12.0,12.0
0022301066,1610612751,BKN,Brooklyn,1629651,Nic Claxton,Nic,C,,36.000000:45,4.0,12.0,0.333,0.0,0.0,0.0,3.0,10.0,0.3,6.0,7.0,13.0,4.0,0.0,2.0,1.0,1.0,11.0,14.0
0022301066,1610612751,BKN,Brooklyn,1630560,Cam Thomas,Cam,G,,40.000000:23,10.0,22.0,0.455,5.0,9.0,0.556,3.0,3.0,1.0,1.0,7.0,8.0,4.0,1.0,0.0,1.0,4.0,28.0,16.0
0022301066,1610612751,BKN,Brooklyn,203471,Dennis Schroder,Dennis,G,,34.000000:21,10.0,21.0,0.476,7.0,11.0,0.636,0.0,0.0,0.0,1.0,4.0,5.0,7.0,1.0,0.0,2.0,2.0,27.0,21.0
0022301066,1610612751,BKN,Brooklyn,1630549,Day'Ron Sharpe,Day'Ron,,,5.000000:50,1.0,1.0,1.0,0.0,0.0,0.0,0.0,0.0,0.0,1.0,2.0,3.0,0.0,0.0,0.0,1.0,4.0,2.0,8.0
0022301066,1610612751,BKN,Brooklyn,1630570,Trendon Watford,Trendon,,,23.000000:35,3.0,7.0,0.429,1.0,3.0,0.333,4.0,5.0,0.8,1.0,4.0,5.0,4.0,2.0,0.0,0.0,2.0,11.0,-3.0
0022301066,1610612751,BKN,Brooklyn,1641730,Noah Clowney,Noah,,,15.000000:21,1.0,3.0,0.333,1.0,2.0,0.5,0.0,0.0,0.0,0.0,0.0,0.0,0.0,0.0,0.0,0.0,3.0,3.0,-6.0
0022301066,1610612751,BKN,Brooklyn,1629022,Lonnie Walker IV,Lonnie,,,6.000000:40,1.0,2.0,0.5,1.0,2.0,0.5,0.0,0.0,0.0,0.0,0.0,0.0,1.0,0.0,0.0,0.0,1.0,3.0,-2.0
0022301066,1610612751,BKN,Brooklyn,1630592,Jalen Wilson,Jalen,,,8.000000:59,1.0,1.0,1.0,1.0,1.0,1.0,0.0,0.0,0.0,0.0,3.0,3.0,0.0,0.0,0.0,0.0,1.0,3.0,9.0
0022301066,1610612751,BKN,Brooklyn,1629661,Cameron Johnson,Cameron,,DND - Injury/Illness,,,,,,,,,,,,,,,,,,,,
0022301066,1610612751,BKN,Brooklyn,1628372,Dennis Smith Jr.,Dennis,,DND - Injury/Illness,,,,,,,,,,,,,,,,,,,,
0022301067,1610612755,PHI,Philadelphia,1626162,Kelly Oubre Jr.,Kelly,F,,20.000000:45,2.0,11.0,0.182,0.0,2.0,0.0,0.0,0.0,0.0,1.0,3.0,4.0,0.0,0.0,1.0,1.0,5.0,4.0,-11.0
0022301067,1610612755,PHI,Philadelphia,202699,Tobias Harris,Tobias,F,,34.000000:50,8.0,17.0,0.471,4.0,9.0,0.444,1.0,1.0,1.0,0.0,7.0,7.0,2.0,1.0,1.0,0.0,0.0,21.0,-10.0
0022301067,1610612755,PHI,Philadelphia,1628964,Mo Bamba,Mo,C,,21.000000:42,6.0,7.0,0.857,1.0,2.0,0.5,1.0,2.0,0.5,2.0,5.0,7.0,1.0,0.0,2.0,0.0,2.0,14.0,1.0
0022301067,1610612755,PHI,Philadelphia,200768,Kyle Lowry,Kyle,G,,31.000000:45,7.0,12.0,0.583,4.0,8.0,0.5,5.0,5.0,1.0,0.0,3.0,3.0,6.0,0.0,0.0,2.0,5.0,23.0,-4.0
0022301067,1610612755,PHI,Philadelphia,1630178,Tyrese Maxey,Tyrese,G,,42.000000:34,7.0,26.0,0.269,2.0,12.0,0.167,0.0,1.0,0.0,0.0,2.0,2.0,11.0,2.0,0.0,3.0,0.0,16.0,3.0
0022301067,1610612755,PHI,Philadelphia,1630194,Paul Reed,Paul,,,25.000000:56,3.0,7.0,0.429,1.0,1.0,1.0,5.0,5.0,1.0,5.0,2.0,7.0,0.0,1.0,3.0,3.0,2.0,12.0,-2.0
0022301067,1610612755,PHI,Philadelphia,201587,Nicolas Batum,Nicolas,,,30.000000:50,3.0,5.0,0.6,2.0,3.0,0.667,0.0,0.0,0.0,4.0,4.0,8.0,3.0,0.0,0.0,0.0,2.0,8.0,6.0
0022301067,1610612755,PHI,Philadelphia,1627741,Buddy Hield,Buddy,,,18.000000:08,4.0,6.0,0.667,1.0,2.0,0.5,1.0,1.0,1.0,4.0,0.0,4.0,2.0,1.0,0.0,0.0,3.0,10.0,-3.0
0022301067,1610612755,PHI,Philadelphia,1626166,Cameron Payne,Cameron,,,4.000000:32,1.0,1.0,1.0,0.0,0.0,0.0,0.0,0.0,0.0,0.0,0.0,0.0,2.0,1.0,0.0,0.0,0.0,2.0,-1.0
0022301067,1610612755,PHI,Philadelphia,1641741,Ricky Council IV,Ricky,,,8.000000:59,1.0,2.0,0.5,1.0,1.0,1.0,1.0,2.0,0.5,0.0,0.0,0.0,1.0,0.0,0.0,0.0,1.0,4.0,6.0
0022301067,1610612755,PHI,Philadelphia,1630231,KJ Martin,KJ,,DNP - Coach's Decision,,,,,,,,,,,,,,,,,,,,
0022301067,1610612755,PHI,Philadelphia,1628391,D.J. Wilson,D.J.,,DNP - Coach's Decision,,,,,,,,,,,,,,,,,,,,
0022301067,1610612739,CLE,Cleveland,1629622,Max Strus,Max,F,,27.000000:23,6.0,9.0,0.667,2.0,4.0,0.5,1.0,1.0,1.0,0.0,1.0,1.0,3.0,1.0,0.0,2.0,3.0,15.0,-4.0
0022301067,1610612739,CLE,Cleveland,1630596,Evan Mobley,Evan,F,,30.000000:37,7.0,10.0,0.7,2.0,2.0,1.0,4.0,6.0,0.667,1.0,10.0,11.0,3.0,1.0,2.0,2.0,4.0,20.0,5.0
0022301067,1610612739,CLE,Cleveland,1628386,Jarrett Allen,Jarrett,C,,26.000000:11,6.0,9.0,0.667,0.0,0.0,0.0,1.0,1.0,1.0,1.0,10.0,11.0,2.0,0.0,0.0,2.0,1.0,13.0,-6.0
0022301067,1610612739,CLE,Cleveland,1628378,Donovan Mitchell,Donovan,G,,32.000000:18,4.0,13.0,0.308,1.0,7.0,0.143,3.0,3.0,1.0,0.0,3.0,3.0,8.0,2.0,0.0,1.0,1.0,12.0,-7.0
0022301067,1610612739,CLE,Cleveland,1629636,Darius Garland,Darius,G,,35.000000:12,6.0,12.0,0.5,1.0,4.0,0.25,1.0,1.0,1.0,0.0,3.0,3.0,12.0,0.0,0.0,3.0,0.0,14.0,14.0
0022301067,1610612739,CLE,Cleveland,1630171,Isaac Okoro,Isaac,,,14.000000:47,1.0,4.0,0.25,0.0,2.0,0.0,0.0,0.0,0.0,0.0,0.0,0.0,0.0,0.0,0.0,1.0,4.0,2.0,-10.0
0022301067,1610612739,CLE,Cleveland,1627777,Georges Niang,Georges,,,30.000000:35,10.0,14.0,0.714,5.0,8.0,0.625,0.0,0.0,0.0,0.0,0.0,0.0,0.0,0.0,1.0,0.0,1.0,25.0,9.0
0022301067,1610612739,CLE,Cleveland,1630241,Sam Merrill,Sam,,,20.000000:46,4.0,8.0,0.5,4.0,8.0,0.5,1.0,1.0,1.0,1.0,1.0,2.0,3.0,0.0,0.0,1.0,3.0,13.0,7.0
0022301067,1610612739,CLE,Cleveland,202694,Marcus Morris Sr.,Marcus,,,16.000000:34,1.0,2.0,0.5,1.0,2.0,0.5,0.0,0.0,0.0,2.0,3.0,5.0,1.0,0.0,0.0,1.0,0.0,3.0,4.0
0022301067,1610612739,CLE,Cleveland,202684,Tristan Thompson,Tristan,,,5.000000:38,0.0,1.0,0.0,0.0,0.0,0.0,0.0,0.0,0.0,0.0,1.0,1.0,2.0,0.0,0.0,0.0,0.0,0.0,3.0
0022301067,1610612739,CLE,Cleveland,1629660,Ty Jerome,Ty,,DND - Injury/Illness,,,,,,,,,,,,,,,,,,,,
0022301067,1610612739,CLE,Cleveland,1627745,Damian Jones,Damian,,DNP - Coach's Decision,,,,,,,,,,,,,,,,,,,,
0022301068,1610612757,POR,Portland,1631200,Kris Murray,Kris,F,,42.000000:11,4.0,10.0,0.4,3.0,8.0,0.375,0.0,0.0,0.0,1.0,4.0,5.0,4.0,0.0,0.0,4.0,2.0,11.0,-49.0
0022301068,1610612757,POR,Portland,1631133,Jabari Walker,Jabari,F,,34.000000:30,1.0,6.0,0.167,0.0,2.0,0.0,2.0,3.0,0.667,1.0,2.0,3.0,2.0,0.0,0.0,1.0,2.0,4.0,-38.0
0022301068,1610612757,POR,Portland,1629028,Deandre Ayton,Deandre,C,,24.000000:43,9.0,15.0,0.6,0.0,1.0,0.0,0.0,0.0,0.0,1.0,7.0,8.0,1.0,1.0,0.0,1.0,1.0,18.0,-32.0
0022301068,1610612757,POR,Portland,1641712,Rayan Rupert,Rayan,G,,26.000000:25,3.0,6.0,0.5,0.0,1.0,0.0,0.0,0.0,0.0,2.0,2.0,4.0,3.0,1.0,0.0,3.0,5.0,6.0,-38.0
0022301068,1610612757,POR,Portland,1630703,Scoot Henderson,Scoot,G,,41.000000:07,8.0,18.0,0.444,1.0,5.0,0.2,3.0,5.0,0.6,1.0,5.0,6.0,6.0,2.0,1.0,7.0,1.0,20.0,-58.0
0022301068,1610612757,POR,Portland,1630625,Dalano Banton,Dalano,,,30.000000:10,5.0,19.0,0.263,1.0,7.0,0.143,1.0,1.0,1.0,2.0,7.0,9.0,2.0,0.0,0.0,5.0,2.0,12.0,-44.0
0022301068,1610612757,POR,Portland,1629680,Matisse Thybulle,Matisse,,,7.000000:04,0.0,2.0,0.0,0.0,2.0,0.0,0.0,0.0,0.0,0.0,1.0,1.0,2.0,0.0,0.0,0.0,1.0,0.0,-8.0
0022301068,1610612757,POR,Portland,1631303,Justin Minaya,Justin,,,10.000000:33,1.0,2.0,0.5,0.0,0.0,0.0,0.0,0.0,0.0,1.0,1.0,2.0,0.0,0.0,1.0,1.0,3.0,2.0,-5.0
0022301068,1610612757,POR,Portland,1641871,Duop Reath,Duop,,,14.000000:06,3.0,8.0,0.375,0.0,4.0,0.0,0.0,0.0,0.0,0.0,2.0,2.0,0.0,0.0,0.0,1.0,0.0,6.0,-12.0
0022301068,1610612757,POR,Portland,1630641,Ibou Badji,Ibou,,,9.000000:11,1.0,1.0,1.0,0.0,0.0,0.0,1.0,2.0,0.5,1.0,2.0,3.0,0.0,0.0,0.0,0.0,2.0,3.0,-16.0
0022301068,1610612757,POR,Portland,1631101,Shaedon Sharpe,Shaedon,,DND - Injury/Illness,,,,,,,,,,,,,,,,,,,,
0022301068,1610612757,POR,Portland,1629014,Anfernee Simons,Anfernee,,DND - Injury/Illness,,,,,,,,,,,,,,,,,,,,
0022301068,1610612748,MIA,Miami,202710,Jimmy Butler,Jimmy,F,,24.000000:50,2.0,4.0,0.5,1.0,3.0,0.333,3.0,3.0,1.0,0.0,4.0,4.0,8.0,1.0,0.0,0.0,1.0,8.0,42.0
0022301068,1610612748,MIA,Miami,1631107,Nikola Jovic,Nikola,F,,17.000000:17,2.0,3.0,0.667,1.0,2.0,0.5,0.0,0.0,0.0,0.0,2.0,2.0,3.0,3.0,0.0,0.0,1.0,5.0,17.0
0022301068,1610612748,MIA,Miami,1628389,Bam Adebayo,Bam,C,,26.000000:13,9.0,12.0,0.75,2.0,3.0,0.667,1.0,3.0,0.333,0.0,12.0,12.0,9.0,2.0,1.0,4.0,3.0,21.0,29.0
0022301068,1610612748,MIA,Miami,201988,Patty Mills,Patty,G,,27.000000:30,5.0,8.0,0.625,2.0,5.0,0.4,5.0,5.0,1.0,0.0,0.0,0.0,1.0,3.0,0.0,1.0,0.0,17.0,33.0
0022301068,1610612748,MIA,Miami,1626179,Terry Rozier,Terry,G,,27.000000:18,8.0,17.0,0.471,6.0,10.0,0.6,0.0,0.0,0.0,0.0,3.0,3.0,6.0,1.0,0.0,1.0,0.0,22.0,29.0
0022301068,1610612748,MIA,Miami,1628997,Caleb Martin,Caleb,,,9.000000:24,1.0,2.0,0.5,1.0,2.0,0.5,0.0,0.0,0.0,0.0,2.0,2.0,3.0,1.0,0.0,0.0,0.0,3.0,14.0
0022301068,1610612748,MIA,Miami,1631170,Jaime Jaquez Jr.,Jaime,,,25.000000:26,6.0,9.0,0.667,0.0,1.0,0.0,0.0,0.0,0.0,0.0,3.0,3.0,5.0,1.0,0.0,0.0,3.0,12.0,28.0
0022301068,1610612748,MIA,Miami,1628418,Thomas Bryant,Thomas,,,21.000000:47,11.0,17.0,0.647,1.0,3.0,0.333,3.0,4.0,0.75,6.0,6.0,12.0,1.0,2.0,2.0,0.0,0.0,26.0,31.0
0022301068,1610612748,MIA,Miami,1629312,Haywood Highsmith,Haywood,,,27.000000:41,7.0,9.0,0.778,5.0,6.0,0.833,1.0,3.0,0.333,0.0,6.0,6.0,1.0,1.0,0.0,1.0,1.0,20.0,40.0
0022301068,1610612748,MIA,Miami,1626153,Delon Wright,Delon,,,20.000000:34,2.0,7.0,0.286,1.0,2.0,0.5,0.0,0.0,0.0,0.0,0.0,0.0,1.0,2.0,0.0,0.0,1.0,5.0,21.0
0022301068,1610612748,MIA,Miami,1631288,Jamal Cain,Jamal,,,12.000000:00,1.0,4.0,0.25,1.0,2.0,0.5,0.0,0.0,0.0,0.0,0.0,0.0,3.0,0.0,1.0,1.0,3.0,3.0,16.0
0022301068,1610612748,MIA,Miami,201567,Kevin Love,Kevin,,DNP - Coach's Decision,,,,,,,,,,,,,,,,,,,,
0022301068,1610612748,MIA,Miami,1629130,Duncan Robinson,Duncan,,DND - Injury/Illness,,,,,,,,,,,,,,,,,,,,
0022301069,1610612756,PHX,Phoenix,1628960,Grayson Allen,Grayson,F,,28.000000:24,6.0,16.0,0.375,1.0,9.0,0.111,0.0,0.0,0.0,4.0,5.0,9.0,5.0,1.0,0.0,2.0,0.0,13.0,-14.0
0022301069,1610612756,PHX,Phoenix,201142,Kevin Durant,Kevin,F,,30.000000:53,10.0,17.0,0.588,4.0,7.0,0.571,2.0,3.0,0.667,0.0,6.0,6.0,1.0,1.0,1.0,3.0,2.0,26.0,-15.0
0022301069,1610612756,PHX,Phoenix,203994,Jusuf Nurkic,Jusuf,C,,23.000000:00,2.0,4.0,0.5,0.0,0.0,0.0,1.0,2.0,0.5,2.0,1.0,3.0,3.0,0.0,1.0,2.0,2.0,5.0,-22.0
0022301069,1610612756,PHX,Phoenix,203078,Bradley Beal,Bradley,G,,30.000000:30,6.0,13.0,0.462,3.0,5.0,0.6,0.0,0.0,0.0,2.0,1.0,3.0,2.0,1.0,1.0,1.0,1.0,15.0,-18.0
0022301069,1610612756,PHX,Phoenix,1626164,Devin Booker,Devin,G,,27.000000:12,4.0,9.0,0.444,0.0,2.0,0.0,6.0,7.0,0.857,0.0,3.0,3.0,5.0,0.0,0.0,3.0,5.0,14.0,-17.0
0022301069,1610612756,PHX,Phoenix,201569,Eric Gordon,Eric,,,21.000000:35,2.0,10.0,0.2,1.0,8.0,0.125,1.0,1.0,1.0,0.0,2.0,2.0,2.0,2.0,0.0,1.0,1.0,6.0,-12.0
0022301069,1610612756,PHX,Phoenix,1629234,Drew Eubanks,Drew,,,7.000000:08,0.0,0.0,0.0,0.0,0.0,0.0,0.0,0.0,0.0,2.0,2.0,4.0,0.0,0.0,2.0,1.0,1.0,0.0,-7.0
0022301069,1610612756,PHX,Phoenix,1626220,Royce O'Neale,Royce,,,21.000000:44,2.0,5.0,0.4,1.0,3.0,0.333,0.0,0.0,0.0,1.0,1.0,2.0,3.0,1.0,0.0,0.0,0.0,5.0,-16.0
0022301069,1610612756,PHX,Phoenix,1629006,Josh Okogie,Josh,,,13.000000:33,1.0,2.0,0.5,1.0,2.0,0.5,2.0,2.0,1.0,1.0,1.0,2.0,1.0,0.0,1.0,1.0,2.0,5.0,-1.0
0022301069,1610612756,PHX,Phoenix,1629626,Bol Bol,Bol,,,13.000000:19,0.0,0.0,0.0,0.0,0.0,0.0,0.0,0.0,0.0,0.0,1.0,1.0,1.0,0.0,0.0,0.0,1.0,0.0,-6.0
0022301069,1610612756,PHX,Phoenix,202738,Isaiah Thomas,Isaiah,,,7.000000:34,2.0,4.0,0.5,1.0,2.0,0.5,0.0,0.0,0.0,0.0,0.0,0.0,1.0,0.0,0.0,0.0,0.0,5.0,1.0
0022301069,1610612756,PHX,Phoenix,1631223,David Roddy,David,,,7.000000:34,1.0,3.0,0.333,0.0,1.0,0.0,0.0,0.0,0.0,1.0,2.0,3.0,1.0,0.0,0.0,0.0,0.0,2.0,1.0
0022301069,1610612756,PHX,Phoenix,1629642,Nassir Little,Nassir,,,7.000000:34,3.0,4.0,0.75,1.0,2.0,0.5,0.0,0.0,0.0,0.0,1.0,1.0,1.0,0.0,0.0,0.0,0.0,7.0,1.0
0022301069,1610612756,PHX,Phoenix,1628962,Udoka Azubuike,Udoka,,DNP - Coach's Decision,,,,,,,,,,,,,,,,,,,,
0022301069,1610612756,PHX,Phoenix,201152,Thaddeus Young,Thaddeus,,DNP - Coach's Decision,,,,,,,,,,,,,,,,,,,,
0022301069,1610612760,OKC,Oklahoma City,1629652,Luguentz Dort,Luguentz,F,,27.000000:04,4.0,8.0,0.5,3.0,6.0,0.5,0.0,0.0,0.0,0.0,1.0,1.0,3.0,3.0,0.0,1.0,0.0,11.0,7.0
0022301069,1610612760,OKC,Oklahoma City,1631114,Jalen Williams,Jalen,F,,29.000000:48,6.0,12.0,0.5,0.0,1.0,0.0,4.0,4.0,1.0,1.0,3.0,4.0,3.0,2.0,1.0,2.0,1.0,16.0,7.0
0022301069,1610612760,OKC,Oklahoma City,1631096,Chet Holmgren,Chet,C,,27.000000:41,6.0,10.0,0.6,0.0,0.0,0.0,8.0,8.0,1.0,1.0,5.0,6.0,2.0,0.0,1.0,1.0,1.0,20.0,16.0
0022301069,1610612760,OKC,Oklahoma City,1630598,Aaron Wiggins,Aaron,G,,26.000000:12,6.0,8.0,0.75,3.0,4.0,0.75,0.0,0.0,0.0,1.0,3.0,4.0,2.0,1.0,0.0,1.0,1.0,15.0,16.0
0022301069,1610612760,OKC,Oklahoma City,1630581,Josh Giddey,Josh,G,,24.000000:00,10.0,15.0,0.667,1.0,3.0,0.333,2.0,2.0,1.0,1.0,6.0,7.0,9.0,0.0,1.0,3.0,0.0,23.0,22.0
0022301069,1610612760,OKC,Oklahoma City,202330,Gordon Hayward,Gordon,,,10.000000:43,2.0,5.0,0.4,0.0,1.0,0.0,0.0,0.0,0.0,0.0,1.0,1.0,2.0,0.0,0.0,0.0,0.0,4.0,6.0
0022301069,1610612760,OKC,Oklahoma City,1641717,Cason Wallace,Cason,,,31.000000:29,6.0,9.0,0.667,4.0,4.0,1.0,0.0,0.0,0.0,0.0,4.0,4.0,3.0,0.0,1.0,1.0,2.0,16.0,23.0
0022301069,1610612760,OKC,Oklahoma City,1631119,Jaylin Williams,Jaylin,,,14.000000:20,1.0,1.0,1.0,1.0,1.0,1.0,0.0,0.0,0.0,0.0,3.0,3.0,6.0,0.0,3.0,0.0,2.0,3.0,7.0
0022301069,1610612760,OKC,Oklahoma City,1630198,Isaiah Joe,Isaiah,,,21.000000:52,5.0,11.0,0.455,4.0,7.0,0.571,0.0,0.0,0.0,0.0,3.0,3.0,1.0,0.0,0.0,1.0,2.0,14.0,10.0
0022301069,1610612760,OKC,Oklahoma City,1629026,Kenrich Williams,Kenrich,,,18.000000:41,3.0,7.0,0.429,0.0,2.0,0.0,0.0,0.0,0.0,2.0,2.0,4.0,1.0,0.0,0.0,0.0,3.0,6.0,12.0
0022301069,1610612760,OKC,Oklahoma City,203488,Mike Muscala,Mike,,,5.000000:59,0.0,1.0,0.0,0.0,1.0,0.0,0.0,0.0,0.0,1.0,0.0,1.0,1.0,1.0,0.0,0.0,1.0,0.0,2.0
0022301069,1610612760,OKC,Oklahoma City,202687,Bismack Biyombo,Bismack,,,2.000000:11,0.0,0.0,0.0,0.0,0.0,0.0,0.0,0.0,0.0,0.0,0.0,0.0,0.0,0.0,0.0,0.0,0.0,0.0,-3.0
0022301070,1610612752,NYK,New York,1628978,Donte DiVincenzo,Donte,F,,49.000000:00,7.0,13.0,0.538,6.0,12.0,0.5,0.0,0.0,0.0,0.0,6.0,6.0,2.0,2.0,0.0,0.0,2.0,20.0,-10.0
0022301070,1610612752,NYK,New York,1628404,Josh Hart,Josh,F,,41.000000:51,4.0,13.0,0.308,2.0,5.0,0.4,2.0,2.0,1.0,4.0,8.0,12.0,8.0,1.0,0.0,2.0,3.0,12.0,20.0
0022301070,1610612752,NYK,New York,1628392,Isaiah Hartenstein,Isaiah,C,,28.000000:17,3.0,7.0,0.429,0.0,0.0,0.0,1.0,2.0,0.5,1.0,3.0,4.0,4.0,1.0,0.0,3.0,6.0,7.0,10.0
0022301070,1610612752,NYK,New York,1628973,Jalen Brunson,Jalen,G,,43.000000:20,25.0,47.0,0.532,5.0,13.0,0.385,6.0,6.0,1.0,1.0,3.0,4.0,6.0,1.0,0.0,1.0,2.0,61.0,20.0
0022301070,1610612752,NYK,New York,1630540,Miles McBride,Miles,G,,45.000000:52,3.0,9.0,0.333,1.0,4.0,0.25,0.0,0.0,0.0,2.0,0.0,2.0,3.0,4.0,0.0,1.0,3.0,7.0,-5.0
0022301070,1610612752,NYK,New York,1629011,Mitchell Robinson,Mitchell,,,19.000000:38,3.0,9.0,0.333,0.0,0.0,0.0,1.0,2.0,0.5,7.0,5.0,12.0,0.0,0.0,0.0,1.0,1.0,7.0,-10.0
0022301070,1610612752,NYK,New York,1630173,Precious Achiuwa,Precious,,,15.000000:41,3.0,3.0,1.0,0.0,0.0,0.0,0.0,0.0,0.0,2.0,3.0,5.0,0.0,0.0,1.0,1.0,4.0,6.0,-30.0
0022301070,1610612752,NYK,New York,202711,Bojan Bogdanovic,Bojan,,,15.000000:20,2.0,7.0,0.286,0.0,3.0,0.0,0.0,0.0,0.0,1.0,1.0,2.0,0.0,0.0,0.0,2.0,2.0,4.0,-16.0
0022301070,1610612752,NYK,New York,1629003,Shake Milton,Shake,,,6.000000:01,1.0,2.0,0.5,0.0,0.0,0.0,0.0,0.0,0.0,0.0,3.0,3.0,1.0,1.0,0.0,0.0,1.0,2.0,1.0
0022301070,1610612752,NYK,New York,202692,Alec Burks,Alec,,DNP - Injury/Illness,,,,,,,,,,,,,,,,,,,,
0022301070,1610612752,NYK,New York,1629603,Mamadi Diakite,Mamadi,,DNP - Coach's Decision,,,,,,,,,,,,,,,,,,,,
0022301070,1610612752,NYK,New York,1629610,DaQuan Jeffries,DaQuan,,DNP - Coach's Decision,,,,,,,,,,,,,,,,,,,,
0022301070,1610612752,NYK,New York,1630579,Jericho Sims,Jericho,,DNP - Coach's Decision,,,,,,,,,,,,,,,,,,,,
0022301070,1610612759,SAS,San Antonio,1630577,Julian Champagnie,Julian,F,,28.000000:24,4.0,8.0,0.5,2.0,4.0,0.5,2.0,2.0,1.0,1.0,4.0,5.0,2.0,0.0,0.0,2.0,1.0,12.0,-6.0
0022301070,1610612759,SAS,San Antonio,1631110,Jeremy Sochan,Jeremy,F,,16.000000:45,2.0,3.0,0.667,0.0,0.0,0.0,0.0,0.0,0.0,0.0,0.0,0.0,1.0,0.0,0.0,0.0,1.0,4.0,-3.0
0022301070,1610612759,SAS,San Antonio,1641705,Victor Wembanyama,Victor,C,,37.000000:42,13.0,22.0,0.591,4.0,9.0,0.444,10.0,12.0,0.833,5.0,15.0,20.0,7.0,2.0,1.0,4.0,2.0,40.0,1.0
0022301070,1610612759,SAS,San Antonio,1630170,Devin Vassell,Devin,G,,44.000000:41,10.0,22.0,0.455,3.0,10.0,0.3,0.0,0.0,0.0,0.0,2.0,2.0,7.0,1.0,0.0,2.0,0.0,23.0,-9.0
0022301070,1610612759,SAS,San Antonio,1630200,Tre Jones,Tre,G,,35.000000:29,4.0,6.0,0.667,3.0,5.0,0.6,2.0,2.0,1.0,0.0,4.0,4.0,4.0,0.0,0.0,2.0,2.0,13.0,13.0
0022301070,1610612759,SAS,San Antonio,1628380,Zach Collins,Zach,,,15.000000:09,1.0,4.0,0.25,0.0,3.0,0.0,1.0,2.0,0.5,1.0,2.0,3.0,2.0,0.0,1.0,1.0,2.0,3.0,5.0
0022301070,1610612759,SAS,San Antonio,1629640,Keldon Johnson,Keldon,,,34.000000:50,4.0,8.0,0.5,2.0,6.0,0.333,7.0,8.0,0.875,1.0,4.0,5.0,4.0,0.0,0.0,2.0,2.0,17.0,23.0
0022301070,1610612759,SAS,San Antonio,1631104,Blake Wesley,Blake,,,12.000000:50,1.0,1.0,1.0,0.0,0.0,0.0,2.0,2.0,1.0,0.0,5.0,5.0,3.0,0.0,0.0,1.0,4.0,4.0,0.0
0022301070,1610612759,SAS,San Antonio,1626224,Cedi Osman,Cedi,,,20.000000:27,2.0,4.0,0.5,0.0,1.0,0.0,0.0,0.0,0.0,0.0,0.0,0.0,2.0,0.0,0.0,0.0,2.0,4.0,-9.0
0022301070,1610612759,SAS,San Antonio,1631103,Malaki Branham,Malaki,,,18.000000:43,3.0,4.0,0.75,2.0,2.0,1.0,2.0,4.0,0.5,0.0,2.0,2.0,2.0,0.0,0.0,1.0,0.0,10.0,5.0
0022301070,1610612759,SAS,San Antonio,1628984,Devonte' Graham,Devonte',,DNP - Coach's Decision,,,,,,,,,,,,,,,,,,,,
0022301070,1610612759,SAS,San Antonio,1630572,Sandro Mamukelashvili,Sandro,,DNP - Coach's Decision,,,,,,,,,,,,,,,,,,,,
0022301071,1610612750,MIN,Minnesota,1630183,Jaden McDaniels,Jaden,F,,30.000000:57,7.0,10.0,0.7,1.0,3.0,0.333,2.0,2.0,1.0,0.0,3.0,3.0,3.0,1.0,0.0,0.0,2.0,17.0,9.0
0022301071,1610612750,MIN,Minnesota,1629675,Naz Reid,Naz,F,,33.000000:09,2.0,12.0,0.167,0.0,5.0,0.0,3.0,4.0,0.75,0.0,6.0,6.0,2.0,2.0,0.0,1.0,3.0,7.0,14.0
0022301071,1610612750,MIN,Minnesota,203497,Rudy Gobert,Rudy,C,,34.000000:48,7.0,8.0,0.875,0.0,0.0,0.0,7.0,15.0,0.467,3.0,9.0,12.0,2.0,0.0,3.0,0.0,5.0,21.0,1.0
0022301071,1610612750,MIN,Minnesota,1630162,Anthony Edwards,Anthony,G,,39.000000:20,8.0,19.0,0.421,0.0,8.0,0.0,9.0,10.0,0.9,1.0,3.0,4.0,5.0,3.0,0.0,2.0,2.0,25.0,11.0
0022301071,1610612750,MIN,Minnesota,201144,Mike Conley,Mike,G,,31.000000:55,8.0,12.0,0.667,5.0,6.0,0.833,2.0,2.0,1.0,0.0,3.0,3.0,8.0,0.0,0.0,2.0,3.0,23.0,6.0
0022301071,1610612750,MIN,Minnesota,203937,Kyle Anderson,Kyle,,,26.000000:31,1.0,3.0,0.333,0.0,0.0,0.0,3.0,4.0,0.75,0.0,3.0,3.0,7.0,0.0,2.0,1.0,3.0,5.0,15.0
0022301071,1610612750,MIN,Minnesota,1628420,Monte Morris,Monte,,,10.000000:36,1.0,2.0,0.5,0.0,1.0,0.0,0.0,0.0,0.0,1.0,1.0,2.0,0.0,0.0,0.0,0.0,0.0,2.0,5.0
0022301071,1610612750,MIN,Minnesota,1629638,Nickeil Alexander-Walker,Nickeil,,,16.000000:42,2.0,6.0,0.333,2.0,4.0,0.5,0.0,0.0,0.0,1.0,0.0,1.0,0.0,0.0,1.0,1.0,1.0,6.0,6.0
0022301071,1610612750,MIN,Minnesota,1629162,Jordan McLaughlin,Jordan,,,12.000000:58,2.0,2.0,1.0,1.0,1.0,1.0,0.0,0.0,0.0,0.0,4.0,4.0,1.0,0.0,0.0,0.0,1.0,5.0,6.0
0022301071,1610612750,MIN,Minnesota,1631111,Wendell Moore Jr.,Wendell,,,0.000000:46,0.0,0.0,0.0,0.0,0.0,0.0,0.0,0.0,0.0,0.0,1.0,1.0,0.0,0.0,0.0,0.0,0.0,0.0,-2.0
0022301071,1610612750,MIN,Minnesota,1631169,Josh Minott,Josh,,,0.000000:46,0.0,0.0,0.0,0.0,0.0,0.0,0.0,0.0,0.0,0.0,0.0,0.0,0.0,0.0,1.0,0.0,0.0,0.0,-2.0
0022301071,1610612750,MIN,Minnesota,1631159,Leonard Miller,Leonard,,,0.000000:46,0.0,0.0,0.0,0.0,0.0,0.0,0.0,0.0,0.0,0.0,0.0,0.0,0.0,0.0,0.0,0.0,0.0,0.0,-2.0
0022301071,1610612750,MIN,Minnesota,1630568,Luka Garza,Luka,,,0.000000:46,0.0,0.0,0.0,0.0,0.0,0.0,0.0,0.0,0.0,0.0,0.0,0.0,0.0,0.0,0.0,0.0,0.0,0.0,-2.0
0022301071,1610612750,MIN,Minnesota,203933,T.J. Warren,T.J.,,DNP - Coach's Decision,,,,,,,,,,,,,,,,,,,,
0022301071,1610612743,DEN,Denver,1629008,Michael Porter Jr.,Michael,F,,35.000000:44,5.0,10.0,0.5,2.0,5.0,0.4,2.0,2.0,1.0,1.0,5.0,6.0,4.0,1.0,0.0,0.0,2.0,14.0,-7.0
0022301071,1610612743,DEN,Denver,203932,Aaron Gordon,Aaron,F,,30.000000:59,5.0,9.0,0.556,2.0,4.0,0.5,2.0,4.0,0.5,1.0,6.0,7.0,4.0,0.0,0.0,4.0,4.0,14.0,-5.0
0022301071,1610612743,DEN,Denver,203999,Nikola Jokic,Nikola,C,,36.000000:58,11.0,24.0,0.458,0.0,3.0,0.0,10.0,13.0,0.769,1.0,9.0,10.0,5.0,2.0,1.0,4.0,2.0,32.0,-9.0
0022301071,1610612743,DEN,Denver,203484,Kentavious Caldwell-Pope,Kentavious,G,,27.000000:31,0.0,3.0,0.0,0.0,2.0,0.0,0.0,1.0,0.0,1.0,2.0,3.0,2.0,0.0,0.0,0.0,1.0,0.0,-15.0
0022301071,1610612743,DEN,Denver,202704,Reggie Jackson,Reggie,G,,36.000000:30,4.0,15.0,0.267,2.0,5.0,0.4,2.0,2.0,1.0,2.0,2.0,4.0,10.0,2.0,0.0,3.0,6.0,12.0,-2.0
0022301071,1610612743,DEN,Denver,1631221,Collin Gillespie,Collin,,,4.000000:43,0.0,1.0,0.0,0.0,1.0,0.0,0.0,0.0,0.0,0.0,0.0,0.0,0.0,0.0,0.0,0.0,1.0,0.0,-8.0
0022301071,1610612743,DEN,Denver,1631128,Christian Braun,Christian,,,26.000000:22,2.0,10.0,0.2,1.0,3.0,0.333,3.0,4.0,0.75,4.0,1.0,5.0,2.0,0.0,0.0,0.0,5.0,8.0,-6.0
0022301071,1610612743,DEN,Denver,1631212,Peyton Watson,Peyton,,,11.000000:14,0.0,2.0,0.0,0.0,1.0,0.0,0.0,0.0,0.0,0.0,3.0,3.0,1.0,0.0,0.0,0.0,0.0,0.0,-14.0
0022301071,1610612743,DEN,Denver,203200,Justin Holiday,Justin,,,15.000000:53,2.0,5.0,0.4,1.0,4.0,0.25,0.0,0.0,0.0,0.0,1.0,1.0,0.0,1.0,0.0,0.0,2.0,5.0,-3.0
0022301071,1610612743,DEN,Denver,201599,DeAndre Jordan,DeAndre,,,10.000000:16,5.0,7.0,0.714,0.0,0.0,0.0,1.0,1.0,1.0,3.0,4.0,7.0,0.0,0.0,0.0,1.0,1.0,11.0,-6.0
0022301071,1610612743,DEN,Denver,1631124,Julian Strawther,Julian,,,0.000000:46,0.0,1.0,0.0,0.0,0.0,0.0,0.0,0.0,0.0,0.0,0.0,0.0,0.0,0.0,0.0,0.0,0.0,0.0,2.0
0022301071,1610612743,DEN,Denver,1641816,Hunter Tyson,Hunter,,,0.000000:46,1.0,1.0,1.0,0.0,0.0,0.0,0.0,0.0,0.0,0.0,0.0,0.0,0.0,0.0,0.0,0.0,0.0,2.0,2.0
0022301071,1610612743,DEN,Denver,1630643,Jay Huff,Jay,,,0.000000:46,0.0,0.0,0.0,0.0,0.0,0.0,0.0,0.0,0.0,0.0,0.0,0.0,0.0,0.0,0.0,0.0,0.0,0.0,2.0
0022301071,1610612743,DEN,Denver,1629618,Jalen Pickett,Jalen,,,0.000000:46,0.0,0.0,0.0,0.0,0.0,0.0,0.0,0.0,0.0,0.0,0.0,0.0,1.0,0.0,0.0,0.0,0.0,0.0,2.0
0022301071,1610612743,DEN,Denver,1630296,Braxton Key,Braxton,,,0.000000:46,0.0,0.0,0.0,0.0,0.0,0.0,0.0,0.0,0.0,0.0,0.0,0.0,0.0,0.0,0.0,0.0,0.0,0.0,2.0
0022301072,1610612745,HOU,Houston,1628415,Dillon Brooks,Dillon,F,,21.000000:25,2.0,7.0,0.286,1.0,2.0,0.5,0.0,0.0,0.0,2.0,2.0,4.0,0.0,0.0,0.0,1.0,4.0,5.0,1.0
0022301072,1610612745,HOU,Houston,1641708,Amen Thompson,Amen,F,,40.000000:23,6.0,12.0,0.5,0.0,0.0,0.0,6.0,8.0,0.75,8.0,6.0,14.0,5.0,2.0,1.0,3.0,1.0,18.0,11.0
0022301072,1610612745,HOU,Houston,1631095,Jabari Smith Jr.,Jabari,C,,32.000000:41,4.0,12.0,0.333,3.0,8.0,0.375,3.0,4.0,0.75,0.0,5.0,5.0,1.0,2.0,1.0,0.0,2.0,14.0,10.0
0022301072,1610612745,HOU,Houston,1630224,Jalen Green,Jalen,G,,38.000000:35,11.0,24.0,0.458,4.0,11.0,0.364,8.0,14.0,0.571,2.0,7.0,9.0,6.0,2.0,0.0,4.0,2.0,34.0,0.0
0022301072,1610612745,HOU,Houston,1627832,Fred VanVleet,Fred,G,,42.000000:06,9.0,24.0,0.375,4.0,14.0,0.286,0.0,0.0,0.0,0.0,2.0,2.0,6.0,4.0,3.0,0.0,4.0,22.0,14.0
0022301072,1610612745,HOU,Houston,1629111,Jock Landale,Jock,,,25.000000:59,1.0,4.0,0.25,0.0,1.0,0.0,0.0,0.0,0.0,1.0,4.0,5.0,0.0,0.0,1.0,1.0,4.0,2.0,-8.0
0022301072,1610612745,HOU,Houston,1630256,Jae'Sean Tate,Jae'Sean,,,3.000000:00,0.0,0.0,0.0,0.0,0.0,0.0,1.0,2.0,0.5,0.0,1.0,1.0,0.0,0.0,0.0,0.0,0.0,1.0,-8.0
0022301072,1610612745,HOU,Houston,201145,Jeff Green,Jeff,,,20.000000:22,2.0,5.0,0.4,1.0,3.0,0.333,0.0,0.0,0.0,2.0,2.0,4.0,0.0,0.0,0.0,0.0,0.0,5.0,-3.0
0022301072,1610612745,HOU,Houston,1628988,Aaron Holiday,Aaron,,,10.000000:21,0.0,2.0,0.0,0.0,2.0,0.0,0.0,0.0,0.0,0.0,0.0,0.0,1.0,0.0,0.0,1.0,1.0,0.0,-14.0
0022301072,1610612745,HOU,Houston,203493,Reggie Bullock Jr.,Reggie,,,5.000000:08,0.0,1.0,0.0,0.0,1.0,0.0,0.0,0.0,0.0,0.0,1.0,1.0,0.0,0.0,0.0,0.0,0.0,0.0,2.0
0022301072,1610612745,HOU,Houston,1626246,Boban Marjanovic,Boban,,DNP - Coach's Decision,,,,,,,,,,,,,,,,,,,,
0022301072,1610612745,HOU,Houston,1631466,Nate Williams,Nate,,DNP - Coach's Decision,,,,,,,,,,,,,,,,,,,,
0022301072,1610612762,UTA,Utah,1641729,Brice Sensabaugh,Brice,F,,24.000000:44,0.0,8.0,0.0,0.0,7.0,0.0,0.0,0.0,0.0,1.0,3.0,4.0,5.0,1.0,0.0,2.0,1.0,0.0,-16.0
0022301072,1610612762,UTA,Utah,1641707,Taylor Hendricks,Taylor,F,,34.000000:40,3.0,7.0,0.429,2.0,5.0,0.4,0.0,0.0,0.0,2.0,7.0,9.0,2.0,0.0,2.0,1.0,2.0,8.0,-6.0
0022301072,1610612762,UTA,Utah,1628381,John Collins,John,C,,30.000000:15,10.0,14.0,0.714,4.0,5.0,0.8,6.0,6.0,1.0,2.0,9.0,11.0,0.0,1.0,2.0,0.0,3.0,30.0,-8.0
0022301072,1610612762,UTA,Utah,1629012,Collin Sexton,Collin,G,,44.000000:07,10.0,21.0,0.476,0.0,4.0,0.0,9.0,10.0,0.9,2.0,4.0,6.0,5.0,0.0,2.0,4.0,3.0,29.0,5.0
0022301072,1610612762,UTA,Utah,1641718,Keyonte George,Keyonte,G,,29.000000:08,3.0,12.0,0.25,0.0,4.0,0.0,0.0,0.0,0.0,0.0,1.0,1.0,6.0,0.0,0.0,6.0,3.0,6.0,-12.0
0022301072,1610612762,UTA,Utah,1627739,Kris Dunn,Kris,,,21.000000:39,5.0,7.0,0.714,1.0,2.0,0.5,0.0,0.0,0.0,0.0,8.0,8.0,1.0,1.0,3.0,2.0,6.0,11.0,16.0
0022301072,1610612762,UTA,Utah,1631117,Walker Kessler,Walker,,,17.000000:45,1.0,2.0,0.5,0.0,0.0,0.0,2.0,2.0,1.0,2.0,4.0,6.0,1.0,1.0,0.0,3.0,2.0,4.0,7.0
0022301072,1610612762,UTA,Utah,1630695,Micah Potter,Micah,,,13.000000:20,0.0,2.0,0.0,0.0,1.0,0.0,0.0,0.0,0.0,1.0,3.0,4.0,0.0,0.0,0.0,0.0,1.0,0.0,5.0
0022301072,1610612762,UTA,Utah,1630548,Johnny Juzang,Johnny,,,24.000000:22,5.0,7.0,0.714,1.0,3.0,0.333,1.0,1.0,1.0,1.0,1.0,2.0,3.0,0.0,0.0,2.0,2.0,12.0,4.0
0022301072,1610612762,UTA,Utah,1629659,Talen Horton-Tucker,Talen,,DNP - Coach's Decision,,,,,,,,,,,,,,,,,,,,
0022301072,1610612762,UTA,Utah,1630184,Kira Lewis Jr.,Kira,,DNP - Coach's Decision,,,,,,,,,,,,,,,,,,,,
0022301072,1610612762,UTA,Utah,1629677,Luka Samanic,Luka,,DNP - Coach's Decision,,,,,,,,,,,,,,,,,,,,
0022301072,1610612762,UTA,Utah,1630209,Omer Yurtseven,Omer,,DNP - Coach's Decision,,,,,,,,,,,,,,,,,,,,
0022301073,1610612742,DAL,Dallas,1627884,Derrick Jones Jr.,Derrick,F,,22.000000:03,3.0,7.0,0.429,1.0,3.0,0.333,0.0,1.0,0.0,0.0,1.0,1.0,1.0,0.0,0.0,1.0,1.0,7.0,4.0
0022301073,1610612742,DAL,Dallas,1629023,P.J. Washington,P.J.,F,,33.000000:23,2.0,10.0,0.2,2.0,8.0,0.25,1.0,2.0,0.5,0.0,6.0,6.0,2.0,1.0,2.0,0.0,2.0,7.0,-3.0
0022301073,1610612742,DAL,Dallas,1629655,Daniel Gafford,Daniel,C,,23.000000:47,3.0,5.0,0.6,0.0,0.0,0.0,0.0,2.0,0.0,2.0,5.0,7.0,0.0,1.0,3.0,2.0,1.0,6.0,4.0
0022301073,1610612742,DAL,Dallas,202681,Kyrie Irving,Kyrie,G,,37.000000:57,11.0,16.0,0.688,3.0,5.0,0.6,5.0,6.0,0.833,0.0,3.0,3.0,2.0,0.0,0.0,2.0,1.0,30.0,8.0
0022301073,1610612742,DAL,Dallas,1629029,Luka Doncic,Luka,G,,40.000000:52,6.0,14.0,0.429,4.0,8.0,0.5,10.0,14.0,0.714,0.0,9.0,9.0,12.0,2.0,0.0,5.0,2.0,26.0,6.0
0022301073,1610612742,DAL,Dallas,1641726,Dereck Lively II,Dereck,,,23.000000:46,5.0,7.0,0.714,0.0,0.0,0.0,2.0,4.0,0.5,3.0,6.0,9.0,2.0,0.0,1.0,0.0,1.0,12.0,-1.0
0022301073,1610612742,DAL,Dallas,203957,Dante Exum,Dante,,,22.000000:41,2.0,6.0,0.333,2.0,5.0,0.4,2.0,2.0,1.0,0.0,3.0,3.0,2.0,0.0,0.0,0.0,4.0,8.0,-3.0
0022301073,1610612742,DAL,Dallas,203501,Tim Hardaway Jr.,Tim,,,20.000000:27,1.0,7.0,0.143,1.0,4.0,0.25,2.0,2.0,1.0,0.0,2.0,2.0,1.0,0.0,0.0,0.0,0.0,5.0,-3.0
0022301073,1610612742,DAL,Dallas,1628467,Maxi Kleber,Maxi,,,15.000000:05,2.0,2.0,1.0,2.0,2.0,1.0,0.0,0.0,0.0,1.0,1.0,2.0,2.0,0.0,0.0,0.0,0.0,6.0,8.0
0022301073,1610612742,DAL,Dallas,1630702,Jaden Hardy,Jaden,,DNP - Coach's Decision,,,,,,,,,,,,,,,,,,,,
0022301073,1610612742,DAL,Dallas,1630639,A.J. Lawson,A.J.,,DNP - Coach's Decision,,,,,,,,,,,,,,,,,,,,
0022301073,1610612742,DAL,Dallas,202693,Markieff Morris,Markieff,,DNP - Coach's Decision,,,,,,,,,,,,,,,,,,,,
0022301073,1610612742,DAL,Dallas,203939,Dwight Powell,Dwight,,DNP - Coach's Decision,,,,,,,,,,,,,,,,,,,,
0022301073,1610612758,SAC,Sacramento,203084,Harrison Barnes,Harrison,F,,39.000000:44,8.0,19.0,0.421,1.0,4.0,0.25,3.0,3.0,1.0,2.0,4.0,6.0,2.0,0.0,0.0,3.0,1.0,20.0,-4.0
0022301073,1610612758,SAC,Sacramento,1631099,Keegan Murray,Keegan,F,,35.000000:26,4.0,11.0,0.364,4.0,7.0,0.571,0.0,0.0,0.0,1.0,6.0,7.0,1.0,0.0,1.0,0.0,5.0,12.0,-3.0
0022301073,1610612758,SAC,Sacramento,1627734,Domantas Sabonis,Domantas,C,,36.000000:22,6.0,12.0,0.5,0.0,0.0,0.0,1.0,4.0,0.25,1.0,11.0,12.0,10.0,1.0,0.0,4.0,4.0,13.0,-3.0
0022301073,1610612758,SAC,Sacramento,1631165,Keon Ellis,Keon,G,,38.000000:05,5.0,12.0,0.417,4.0,9.0,0.444,2.0,2.0,1.0,1.0,5.0,6.0,1.0,3.0,0.0,2.0,4.0,16.0,0.0
0022301073,1610612758,SAC,Sacramento,1628368,De'Aaron Fox,De'Aaron,G,,40.000000:15,9.0,22.0,0.409,3.0,7.0,0.429,2.0,2.0,1.0,1.0,5.0,6.0,5.0,3.0,0.0,1.0,3.0,23.0,-3.0
0022301073,1610612758,SAC,Sacramento,1628370,Malik Monk,Malik,,,1.000000:26,1.0,2.0,0.5,0.0,1.0,0.0,0.0,1.0,0.0,0.0,1.0,1.0,0.0,0.0,0.0,0.0,1.0,2.0,2.0
0022301073,1610612758,SAC,Sacramento,1630558,Davion Mitchell,Davion,,,18.000000:39,4.0,6.0,0.667,0.0,0.0,0.0,0.0,0.0,0.0,0.0,1.0,1.0,2.0,1.0,0.0,0.0,1.0,8.0,1.0
0022301073,1610612758,SAC,Sacramento,1630537,Chris Duarte,Chris,,,7.000000:28,0.0,4.0,0.0,0.0,1.0,0.0,0.0,0.0,0.0,1.0,0.0,1.0,0.0,0.0,0.0,0.0,0.0,0.0,-2.0
0022301073,1610612758,SAC,Sacramento,203458,Alex Len,Alex,,,11.000000:34,0.0,1.0,0.0,0.0,0.0,0.0,0.0,0.0,0.0,2.0,1.0,3.0,3.0,0.0,0.0,0.0,1.0,0.0,0.0
0022301073,1610612758,SAC,Sacramento,1630556,Kessler Edwards,Kessler,,,11.000000:02,3.0,3.0,1.0,3.0,3.0,1.0,0.0,0.0,0.0,1.0,1.0,2.0,0.0,1.0,0.0,0.0,2.0,9.0,-8.0
0022301073,1610612758,SAC,Sacramento,1641732,Colby Jones,Colby,,DNP - Coach's Decision,,,,,,,,,,,,,,,,,,,,
0022301073,1610612758,SAC,Sacramento,201580,JaVale McGee,JaVale,,DNP - Coach's Decision,,,,,,,,,,,,,,,,,,,,
